name,token
0g Labs,0g
0x,0x
10x Team,10xteam
115 Ventures LLC,115ventures
1bios,1bios
1mind,1mind
1Password,1password
1X,1x
30 Minutes to President's Club,30mpc
3Commas,3commas
3E,3e
3i Members,3imembers
3Y Health,3y-health
42dot,42dot
"80,000 Hours",80000hours
805Title,805title
829 Studios,829studios
8Fleet Inc.,8fleet-inc
9 Mothers,9-mothers
9fin,9fin
A Place for Mom,a-place-for-mom
A.Team,a-team
A1 Garage Door Service,A1 Garage Door Service
a16z,a16z
a16z New Media,a16z-new-media
"AACI Group, Inc.",aacigroup
Aaron School,aaron-school
Aaru,aaru
Abacum,abacum
Abby Care,abby-care
Abe,abe
Abound,abound
Abridge,abridge
Absorb,absorblms
Abundant,abundant
Abusix,abusix
Academia.edu,academia
Accelevents,accelevents
Access Destination Services,access
Accord,accord
Accurx,accurx
AIA Contract Documents,acd
Ace 1 Media,ace-1-media
Achilles,achilleshr
Acorns,acorns
Acquird.io,acquird
Acquisition.com,acquisition
Active Site,activesite
Adapt API,adapt
adaption,adaption
Adaptive,adaptive
Adaptive ML,adaptive-ml
Adaptive Security,adaptivesecurity
Adaptyv,adaptyv
Addi,addi
Additive AI,additiveai
Adelphi,adelphi-ai
Adonis,adonis
Adthena,adthena
Aerotime,aerotime
AeroVect,aerovect
Aerovy,aerovy
Aescape,aescape
Cowboy Space Corp.,aetherflux
Afference Inc,afference
Affinity Analytics,affinity
Afresh,afresh
AfterQuery,afterquery
Agen,agen
Agent,agent
Agentio,agentio
Agentis Capital Advisors,agentis-capital-advisors
AgentMail,agentmail
Aghanim,aghanim
"AGI, Inc.",agi-inc
Agreena,agreena
AgZen,agzen
Aida,aida
AidKit,aidkit
AIM,aim
Aim4Hire,aim4hire
AIOS (YC W20/S21),aios
AiPrise,aiprise
AIR,air
Air Apps,airapps
Airbyte,airbyte
AirGarage,airgarage
Airgoods,airgoods
AirOps,airops
Air Space Intelligence,airspace-intelligence.com
Airtable,airtable
Airtasker,airtasker
Airwallex,airwallex
Aisle,aisle
Artificial Intelligence Underwriting Company,aiuc
Aiwyn,aiwyn
Ajax,ajax
Akur8,akur8
Alan,alan
Alaro,alaro
Alcazar Energy,alcazar-energy
Alchemy,alchemy
"Alden Labs, Inc.",alden
Alembic,alembic
Aleph,aleph
Aleph Alpha,alephalpha
Alex AI,alexai
Allara,allarahealth
Alleviate Health,alleviatehealth
Allica Bank,allica-bank
All in Bits,allinbits
Allium,allium
Alljoined,alljoined
Allminds,allminds
Allocate,allocate
Alloy Enterprises,alloyenterprises
Alloy River,alloyriver
AllSpice,allspice
Almabase,almabase
Almedia,almedia
Alohi SA,alohi
Alpaca Health,alpacahealth
Alpen Labs,alpenlabs
Alpha,alpha
Alternative Payments,alternativepayments
Altimate.ai,altimate
Altis,altis
Expanding Circle Ltd,altruistiq
Altura,altura
Alurion Talent Group,aluriontalentgroup
"Alva Energy, Inc",alva-energy
Ambience Healthcare,ambiencehealthcare
Ambient.ai,ambient.ai
AMBOSS,amboss
Ambral,Ambral
Ambrook,ambrook
Ameba,ameba
Amenitiz Solutions,amenitiz
The American Housing Corporation,american-housing
American Operator,americanoperator
AMI,ami
Amigo,amigo
Amma Inc.,amma
amo,amo
Amperos,amperos
Ampersand,Ampersand
Amplify,amplify
Amplitude,amplitude
amplo,amplo
Anagram,anagram
Anam AI,anam
Anara,anara
Andela,andela
Andercore,andercore
Ando,ando
"Ando Technologies, Inc",andotechnologies
Angi,angi
Angle Health,anglehealth
Anima,anima
Ankar,ankar
Ankorstore,ankorstore
Anna Autism Care,annaautismcare
Anomalo,anomalo
Anon,anon
Anrok,anrok
AnsibleHealth Inc.,ansiblehealth
AnswersNow Inc,answersnow
Antai Ventures,antaiventures
Antares,antares
Anterior,anterior
Antimetal,antimetal
Antioch,antioch
Antithesis,antithesis
Anuvaya Labs,anuvaya
Anyone AI,anyone-ai
Anyscale,anyscale
AnySignal,anysignal
Anything,anything
AnyVan,anyvan
Apella,apella
"Apex Technology, Inc.",apex-technology-inc
Aphex,aphex
Apify Technologies s.r.o.,apify
Apiphany,apiphany
Aplazo,aplazo
Apolink Communcations,apolink
Apollo GraphQL,apollo-graphql
Apollo Information Systems,apollo-information-systems
Apple Roofing,apple-roofing
Applied Intuition,applied
Applied Compute,Applied Compute
Applied Behavioral Services,applied-behavioral-services
Applied Labs,appliedlabs
AppSumo,appsumo
april,april
Apron,apron
Aptible,aptible
Aptos Foundation,aptosfoundation
Aptura,aptura
Aquant,aquant
Aquatic,aquatic
Arago,arago
ARB Interactive,arb-interactive
Arbiter AI,arbiter-ai
Arbor,arbor
Arcada Labs Incorporated,arcada
Arcade,arcade
Arcade,arcade-ai
Arcade,arcadeai
Arch,Arch
Arch Solutions,arch-solutions
Arch,arch.co
Archil,archil
Architect,architect
Archive,archive
Archy,archy
Arcturus,arcturus
"Arena Intelligence, Inc.",arena
ArenaNet,arenanet
Aries.com,aries
Arketa,arketa
Arlo,arlo
Armory,armory
Aro Homes,aro.homes
ARQ,arq
arqu,arqu
Arrakis Finance,arrakis
Array Behavioral Care,array-behavioral-care
Artemis,artemis
Artemis,artemisanalytics
Arthur Robotics,arthur
Articul8,articul8
"Artificial Analysis, Inc.",artificialanalysis
Artisan,artisan
Artsy,artsy
Asari AI,asari.ai
Ascertain,ascertain
Ashby,ashby
ashby-embed-demo-org,ashby-embed-demo-org
Asimov,asimov
Dragonfly,askdragonfly
"Agresta, Storms & O’Leary, PC",aso-careers
Aspora,aspora
Assemble,assemble
Assembled,assembledhq
Assembly,assembly
Assort Health,assorthealth
Assured,assured
Assured,assured-health
Astera Institute,astera
Astra,astra
Astral,astral
Astro Mechanica,astro-mechanica
Astrocade,astrocade
Astronomer,astronomer
asymmetric.re,asymmetric.re
Atalanta,atalanta
Ataraxis AI,ataraxis-ai
ATG,atg
Athena Actuarial Consulting,athenaactuarial
Atlan,atlan
Atlas,atlas
Atlas Oncology Partners,atlasonc
Atlas Residential,atlasresidential
AtoB,atob
Atomic,atomic
Atomic Fi,atomic-financial
Atomic Industries,atomicindustries
Atomic Semi,atomicsemi
Atominvest,atominvest
Atrato,atrato
Atria,atria
Atrix AI,atrix
Atropos Health,atroposhealth
Attention Engineering,attention
Attentive,attentivemobile
Atticus,atticus
Attio,attio
Auctor,auctor
Audacious Ventures,audacious
Audiohook,audiohook
aufinity Group GmbH,aufinity-group-gmbh
Augur Initiative Ltd,augur
August,august
August Health,august-health
Augustus,augustus
Aurelian,aurelian
Aurelius Systems,aureliussystems
Auror,auror
Aurora Solar,aurorasolar
AuthZed,authzed
"Automat, Inc.",automat
Autoscience,autoscience
Ava Labs,ava-labs
Avala,avala
Avantos AI,avantos
Avelios Medical,avelios-medical
Aven,aven
Aviator,aviator
Avid4 Adventure,avid4
Avida,avida
Avoca,avoca
Avra,avra
Away,away
Axel,axel
Axelera AI,axelera
Axiom,axiom
Axiom,axiom-co
Axiom,axiombio
Axion,axion
Axle Energy,axle-careers
Axle Health,axle-health
Axle Mobility,axle-mobility
Aztec Labs,aztec-labs
B2spin,b2spin
Baba,baba
Babbel,babbel
Backflip,backflip
Backflip,backflip.ai
Back Market,backmarket
Backpack,backpack
Bankjoy,bankjoy
Bantam Communications,bantamcommunications
Barkbus,barkbus
Barnes & Thornburg LLP,barnes
Barti,barti
Basata Inc,basata
Base,base
Base Operations,base-operations
Base Power Company,base-power
Basecamp Research,basecamp-research
Baseten,baseten
Basic Capital,basiccapital
Basis AI,basis-ai
Basis Research Institute,basis-research
Bastion,bastion
Baton,baton
Baton Corporation Ltd,batoncorporation
"Bayesian Health, Inc.",bayesianhealth
Beach Bum,beach-bum
Beacon AI,beaconai
Beacons,beacons
Beacon Software,beaconsoftware
Beam,beam
Beam,beam-up
Beamery,beamery
Beam Impact,beamimpact
Bedrock Data,bedrock
Bedrock Robotics Inc,bedrock-robotics
Bedrock Ocean Exploration,bedrockocean
Believer,believer
Belvo,belvo
bem,bem
Ben,ben
Benchling,benchling
Benepass,benepass
Benevity,benevity
Bento Setup Sandbox,bento
Beside,beside
Bespoke Labs,bespokelabs
Bestow,bestow
Better Mortgage,better-mortgage
Bettermile,bettermile
BetterUp,betterup
Bevel,bevel
BeyondMath,beyondmath
Bhblasted,bhblasted
Bicara Therapeutics,bicara-therapeutics
Biconomy,biconomy
Bifrost AI,bifrost
Bigger Games,biggergames
Bild AI,bild-ai
Billie,billie
billups,billups
Binalyze,binalyze
Binance,binance
Binance.US,binance.us
Binti,binti
BIO,bio
Biofire,biofire
Biograph,biograph
BIOptimizers,bioptimizers
Birdie,birdie
Bitnomial,bitnomial
Bitstack,bitstack
Bitvavo,bitvavo
BiVACOR Inc,bivacor-inc
Bjak,bjakcareer
Blackbird Labs Inc,blackbird-labs-inc
BlackBox Strategies,blackbox-strategies
Blackpoint Cyber,Blackpoint Cyber
Black Semiconductor GmbH,blacksemiconductor
Blacksmith,blacksmith
Bland,bland
Blank Metal,blank-metal
Blaxel,blaxel
Blink Tech Inc,blink
Bliro GmbH,bliro
Blissway Inc.,blissway
Blitzy,blitzy
Block Labs,block-labs
Blockdaemon,blockdaemon
Blockhouse,blockhouse
Blockit AI,blockit
Blockstream,blockstream
Blockworks,blockworks
Blooming Health,blooming-health
Blossom Health,blossom-health
Blowhammer,blowhammer
Bloxd,bloxd
BLP Digital AG,blp-digital
Blue AI,blue-ai
Blue Energy,blue-energy
Blueberry Pediatrics,blueberrypediatrics
BlueDot Impact,bluedot
Blumen Systems,blumen
Boam AI,boam
Bobyard,bobyard
Body & Soul Studios,bodysoul
Bold.org,bold
Bolt,bolt
Bolt Farm Treehouse,bolt-farm
Boom,boom
Boomi,boomi
"Boon Technologies, Inc.",boon
Boost,boost
Boosters,boosters
BootLoop,bootloop
Botanic Tonics,botanictonics
BotCrew,botcrew
Bounce,bounce
Braiins,braiins
Brain Co.,brainco
Brainly,brainly
Braintrust,braintrust
Brale,brale
"Branch Financial, LLC",branchinsurance
BranchLab,BranchLab
Brave Health,bravehealth
Breadcrumb,breadcrumb
Breadwinner,breadwinner
Breaker,breaker
Bree,bree
Brelle,brelle
Brellium,brellium
Bretton AI,brettonai
Bridger,bridger
Brighterly,brighterly
Brightstar.AI,brightstar-ai
brightwheel,brightwheel
Brigit,brigit
Brimstone,brimstone
BRINC,brinc
Brisk Teaching,brisk-teaching
Broccoli AI,broccoli
Brookwood,brookwood
Browserbase,browserbase
Sevaro - Physician/Clinical Roles,brunswick
Bubble,bubble
Buena,buena
Buffer,buffer
Build Technologies,build
Build AI,build-ai
Builder Prime,builder-prime
Buildforce,buildforce
BuildingWorks,buildingworks
Buildlinx GmbH,buildlinx
Buildout,buildout
Fern,buildwithfern
Bullpen Talent,bullpen-talent
Bumble,bumble
bunch,bunch
Bunny,bunny
Bureau,bureau
Burkland Associates,burklandassociates
BusPatrol,buspatrol
ButterflyMX,butterflymx
Button Labs,button
Bynder,bynder
C1,c1
Cache,cache
Cadre,cadre
CADRE GOVERNMENT SOLUTIONS,cadregs
Calder,calder
Callosum,callosum
Camber,camber
Cambio AI Inc.,cambio
Cambium,cambium
Cambly,cambly
Campfire,campfire
Campus,campus
Camunda,camunda
CanadaVisa,canadavisa
Canals,canals
candidate fyi,candidate.fyi
Candid Health,candidhealth
Candid Intelligence,candidintelligence
Canopy,canopy
Cantina,cantina
Canvas Medical,canvas-medical
Capchase,capchase
Cape,cape
Capi Money,capimoney
Capsule,capsule
Capy,capy
Cara,cara-ai
Carbon Health,carbonhealth
Cardless,cardless
AZX,careers.azx.io
Trengo,careerstrengo
CareSwift,careswift
Careway Health,careway
Cargado,cargado
cargo.one,cargo-one
CARIAN,carian
Caribou,caribou
Jinba.io,carnot-ai
Carrara,carrara
Cartesia,cartesia
Caruso,caruso
Carwow,carwow
Cloud Accountant Staffing,cas
Casa,casa
Casap,casap
Casca,casca
Cascade,cascade
Casdin Capital,casdin-capital
Casium,casium
Cassi Home,cassihome
Castle,castle
Castleton Tower,castletontower
Catalog,catalog
Catch,catch
Catchafire,catchafire
Category Labs,category-labs
Catena,catena
Catena,catena-labs
Catio,catio
Causal Labs,causal
Causaly,causaly
Cambridge Boston Alignment Initiative,cbai
Carolina Complete Health Network,cchn
Cedar,cedar
Cellular Intelligence,cellular-intelligence
Centari,centari
Centerfield,centerfield
Centivo,centivo
Centre for Effective Altruism,centreforeffectivealtruism
"Certifid, Inc",certifid
CertifyOS,certifyos
Certn,certn
Cerve Global Ltd,cerve
Chai Discovery,chaidiscovery
Chainalysis,chainalysis-careers
Chakra Labs,chakra-labs
Chalk,chalk
Chalkboard,chalkboard
Chamber,chamber
Chamber Cardio,chambercardio
Change.org,change
Chapter,chapter
Character.AI,character
Charge Robotics,charge-robotics
Chatbase,chatbase
Chattermill Analytics Limited,chattermill
Check Technologies,check-technologies
Checkatrade,checkatrade
Checkly,checkly
Checkout.com,checkout.com
Cheiron,cheiron
Chestnut,chestnut
Chief,chief
Chili Piper,chilipiper
Chimera Investment Corporation,chimerareit
Choco,choco
Chord,chord
Chromatic,chromatic
Chronosphere,chronospherejobs
Cinder,cinder
Circle Health,circle-health
CircuitHub,circuithub
Circular Economy Systems,circulareconomysystems
Ciro,ciro
Citadel AI,citadel-ai
Citizen,citizen
Citizen Health,Citizen Health
CivilGrid,civilgrid
Claim Health,claim-health
ClaimSorted,claimsorted
Clair,clair
Clarasight,clarasight
Clarify,clarify
Clarion,clarion
Clarisights,clarisights
Clarity,clarity
ClarityPay,claritypay
Clarity Pediatrics,claritypediatrics
Clarium,clarium
Claryo,claryo
Clasp,clasp
Clasp,clasp-group
ClassDojo,classdojo
Clay Labs,claylabs
clearalpha,clearalpha
ClearBank,clearbank
Clearco,clearco
Clearly AI,clearly-ai
Clera,clera
Cleric,cleric
Clerk,clerk
"Clerky, Inc.",clerky
Clever,clever
ClickUp,clickup
Climate Finance Solutions,climate-finance-solutions
Climatiq,climatiq
Clinically AI,clinicallyai
Clipboard,clipboard
Clipbook,Clipbook
Cloaked,cloaked
Close,close
Closetamerica,closetamerica
Cloud9,cloud9
CloudKitchens,cloudkitchens
Cloudscaler,cloudscaler
CloudTrucks,cloudtrucks
CloudZero,cloudzero
Clove,clove
Clover Sonoma,clover-sonoma
Clubhouse,clubhouse
Cluely,cluely
CoachHub,CoachHub Careers
Coactive AI,coactive
Coalesce,coalesce
Coastal Community Bank,coastal
Cobot,cobot
Coco,cocodelivery
Cocoon,cocoon
CodaMetrix,CodaMetrix
Codat,codat
Code Metal,code-metal
Coder,coder
CodeRabbit,coderabbit
Codes Health,codes-health
Codesphere,codesphere
Codex,codex
Coefficient Giving,coefficientgiving
Coframe,coframe
Cogent Security,cogent-security
Cognition,cognition
Cohen Immigration Law,cohen-immigration-law
Cohere,cohere
Coinflow,coinflow
Coinhako,coinhako
CoinTracker,cointracker
Cold Start Ventures,coldstartventures
Collective,collective
Colonist,colonist
Column,column
Column Tax,columntax
Comfy,comfy-org
CoMind,comind
Comity,comity
Common Room,commonroom
Commons,commons
Commure,commure
Compa,compa
Stealth-mode Battery Startup,company
Company.ai,company-ai
Compass Surgical Partners,compass-surgical-partners
Complement,complement
Complete,complete
Composio,composio
"Compound Planning, Inc.",compound
Comprehensive,comprehensive
CompScience,compscience
comstruct ICT,comstruct
Comulate,comulate
Comun,comun
Conception,Conception
Concourse,concourse
Condor Software,condor-software
Conduct,conduct
Conductor,conductor
ConductorAI,conductorai
Conduit,conduit
Conduit Health,conduit-health
Confiant,confiant
Confluent,confluent
Connectly Inc,connectly
Conquest,conquest
Conscious Talent,conscious-talent
Console,console
Constellation Space,constellationspace
Constructor,constructor
contentoo,contentoo
Context,context
Continue,continue
Contoro Inc.,contoro
Contra,contra
Conveo.ai,conveo
Conversion,conversion
Convex,convex-dev
Convey (formerly Message Broadcast),convey
Copilot Money,copilot-money
Coral AI,coralai
Coram AI,coram-ai
coreflow,coreflow
Core of the Heart,coreoftheheart
CorePlan,coreplan
Corgi Insurance,corgi
Corridor,corridor
Cortea AI,cortea
Corti,corti
Corvus Robotics,corvus-robotics
Cosine,cosine
Cosmic Robotics,cosmic-robotics
cosmos GmbH,cosmos
Costanoa Ventures,costanoavc
Cosuno,cosuno
Council Capital,council-capital
Counsel Health,counsel
Count,count
Counterpart,counterpart
CourseCareers,coursecareers
Coverbase,coverbase
Coverdash,coverdash
CoW DAO,cow-dao
Cowboy Space Corp.,cowboyspace
Coworker.ai,coworker
Cracken,crackenagi
Cradle,cradlebio
Craft Machine Inc,craft.co
Craft Docs,craftdocs
Craze,craze
Creatify Lab Inc,creatify
CreatorIQ,creatoriq
Credal,credal
Credit Genie,creditgenie
Credo.AI,credo.ai
Crete Professionals Alliance,crete-professionals-alliance
CrewBloom,crewbloom
Company name,cribl
Crisp,crisp
Crisp,crispgrowth
Critical Energy,critical-energy
Critical Loop,criticalloop
Crogl,crogl
Crosby,crosby
crossjoin-solutions,crossjoin-solutions
Crunchbase (Lever),crunchbase
Crusoe,crusoe
Cruva,cruva
Crux,cruxclimate
Cryptio,cryptio
Cside,cside
CTGT,ctgt
CUBE,cube
Cube,cubesoftware
Cubic³,cubic3
Cubist,cubist
Cuesta Partners,cuesta-partners
Curated,curated
Curie,curie
Curri,curri
cursor,cursor
CuspAI,cuspai
Customuse,customuse
CyberCube,cybcube
Cyberhaven,cyberhaven
CYBRET AI,cybret
Cygnify,cygnify
Cylinder Health,cylinderhealth
Cytora,cytora.com
Cyvl,cyvl
d-Matrix,d-matrix
DailyPay,dailypay
Dakota,dakota
Dandelion Energy,dandelion
Dandy,dandy
Darkroom,darkroom
Darwin,darwin
Dash0,dash0
DataGuard,dataguard
DataStealth,datastealth
Datatonic,datatonic
DatologyAI,datologyai
Datum,datum
Dave,dave
David AI,david-ai
David Energy,davidenergy
Davis Technology Management,davistechnologymanagement
DayDream,daydream
Daydream,daydream-ai
Daydream,daydreamlive
dClimate,dclimate
DDN,ddn
d/dx,ddx
DealMaker,dealmaker
Decagon,decagon
Decimal,decimal
Dedale Intelligence,dedale-intelligence
Deductive AI,deductive
Deel,deel
Deepgram,deepgram
DeepJudge,deepjudge
DeepL,deepl
Deeploy,deeploy
Deepnote,Deepnote
DeepSky,deepsky
DeepSource,deepsource
Deeptune,deeptune
Deeter Analytics,deeter-analytics
Defense,defense
Defy Security,defy-security
Dehazelabs,dehazelabs
Delfa AI,delfa
Delian Alliance Industries,delian
Deligo,deligo
Delinea,delinea
Deliveroo,deliveroo
Delphi,delphi
Deltia,deltia
Delve,delve
Demandbase,demandbase
Deposco,deposco
Depot,depot
DepthFirst,depthfirst
Designworks Talent,designworkstalent
Detail,detail
Develop Health,develop-health
DevSavant Inc.,devsavant
Dex,dex
Dexmate,dexmate
Diagrid,diagrid
Dialogue AI,dialogueai
digg,digg
Dimension,dimension
Dimensional Inc.,dimensional
Dipper,dipper
Directive,directive
Dispatch,dispatch
Distributed Spectrum,distributed-spectrum
Distributor Wire & Cable,distributor-wire-cable
Distyl AI,distyl
Ditto,ditto
Diversified Botanics,diversified-botanics
Divine,DivineResearch
Docebo,docebo
Docker,docker
Docplanner,docplanner
Doctolib,doctolib
Doctronic,doctronic
doe,doe
doinstruct,doinstruct
Doji,doji
DoktorTakvimi,doktortakvimi
Dominion Dynamics,Dominion Dynamics
Domu AI,domu
Don's Garage Doors,dons-garage-doors
Doppel,doppel
Doppler,doppler
DOSS,doss
"Dosu, Inc.",dosu
Dotfile,dotfile
dottxt,dottxt
Double,double
Double the Donation,double-the-donation
DoubleZero,DoubleZero
Douro Labs,dourolabs.xyz
Dovetail,dovetail
Drata,drata
Dr. Comfort,drcomfort
Dream Three,dreamthree
Dressly,dressly
Drogue,drogue
Droyd,droyd
Dryft,dryft
DualEntry,dualentry
DubClub,dubclub
DuckDuckGo,duck-duck-go
Duckbill,duckbill
Duet,duet
Duffel,duffel
Duna,duna
Dune,dune
Dusk,dusk
Dust,dust
Duvo Inc,duvo
Dweet,dweet
Dwelling,dwelling
Dyna Robotics,dyna-robotics
Dynamic,dynamic
Dyneti,dyneti
E Source,e-source
E2B,e2b
Eagle,eagle
Earned,earnedwealth
Eastwood & Cleef,eastwoodcleef
Easygenerator,easygenerator
EasyLlama,easyllama.com
Echo Neurotechnologies,echo
EchoMark,echomark
Edia,edia
Ediphi,ediphi
Edison Scientific,Edison Scientific
EDITED,edited
Edlink,edlink
Edra,edra
EdSights,edsights
EducationSuperHighway,educationsuperhighway
EdVisorly,edvisorly
Egra,egra
Eigen Labs,eigen-labs
Eight Sleep,eightsleep
Eisen,eisen
Eka,ekarobotics
Ekho,ekho
Ekumen,ekumenlabs
ElastixAI INC.,elastix
Electric,electric
Electric Air,electricair
ElectronX,electronx
Element 84,element84
Eleos AI Research,eleos
ElevenLabs,elevenlabs
Eli Health,eli
Elicit,elicit
EliseAI,eliseai
Eliza,eliza
ellamind,ellamind
Ellipsis Labs,ellipsislabs
Elliptic,elliptic
Ello,ello
Eloquent AI,eloquentai
Ema,ema
Emanate,emanate
Embeddable,embeddable
Embedding VC,embedding-vc
Emberos,emberos
embo,embo
Emerald AI,emerald-ai
Emergence Software,emergence
Emergence Capital Partners,emergence-capital-partners
Emidat,emidat
Emora Health,emora-health
Empathic,empathic
Empirical,empirical
Empirical Security,empirical-security
Empora Title,empora
Endeavor,endeavorflow
Endex,endex
Endgame,endgame
Endurance Energy,endurance-energy
EngFlow,engflow
Engram Lab,engram
Enode,enode
Enpal,enpal
ENS Labs,ens-labs
Ent Security,ent-security
Envoy,envoy
ePayPolicy,epay-policy
Epia Neuro,epianeuro
Epistemix,Epistemix
Equal Ventures,equal-ventures
Equal1,equal1
Equi,equi
Equip Health,equip
Ernest,ernest
Escape Technologies,escape
Espa Labs,espa
Espresso AI,espresso
Essential AI,essentialai
Etched,etched
Ether.fi,ether.fi
Ethereum Foundation,ethereum-foundation
ETHGlobal Inc,ethglobal
Ethyca,ethyca
Euphoric Global,euphoric
Eventual,eventual
Eventual,eventualcomputing
EverAI,everai
Everbridge,everbridge
Everfield,everfield
Everis,everis
EverOps,everops
Everself,everself
Everstar,everstar
Evertune,evertune
Evervault,evervault
Every.io,every-io
Evolve AI Ltd,evolve
Evolve Tech LLC,evolve-tech-llc
Exa,exa
Excelerate,excelerate
Exegy,exegy
Expa,expa
Expensify,expensify
Expressable,expressable
Extend,extend
Eye Security,eye-security
Eyebot,eyebot
"EyeTell, Inc.",eyetell
Extend Your Team,eyt
EZ Health,ezhealth
EZTexting,eztexting
F2,f2-ai
Fable Security,fable
Fabrion,fabrion
FacilityOS,facilityos
Faction,faction
Factor Eleven,factor-eleven
Factory,factory
Faculty,faculty
Falconer,falconer
FAR.AI,far.ai
Farmers Insurance,farmersd73
FarmRaise,farmraise
Farsight AI,farsight
fastino.ai,fastino-ai
Fathom,fathom
Fathom,fathom.video
Faves,faves
Featherless AI,featherlessai
Feathery,feathery
Feathr,feathr
FeedbackFruits,feedbackfruits
Felix,felix
Fellow,fellow
Fencer,fencer
Fermi AI,Fermi AI
Ferry,ferryhealth
fhiaremodeling,fhiaremodeling
Fiddler AI,fiddler-ai
Fiducial,fiducial
Fieldguide,fieldguide
Fig,fig
Figure,figure
Filigran,filigran
Filmhub,filmhub
Fin,fin
Finalis,finalis
finally,finally
Hellyeah AI,finalroundai
Finary,finary
Fincentify,fincentify
Finch Care,finch
Finch Legal,finch-legal
Anomaly,findanomaly
Arbor,findarbor
Finni Health,finni-health
FINNY,finny
Finout,finout
Finto,finto
Finvest,finvest
Adaptive Home Health,fira-health
Firebird Music,firebirdmusic
Firecrawl,firecrawl
Firetiger,firetiger
First Resonance,first-resonance
Firsthand,firsthand
FirstMate,firstmate
FirstPrinciples,firstprinciples
First Round Capital,firstround
First Street,firststreet
Fitt Talent Partners,fitt
Fizz,fizz
Flagler Health,flaglerhealth
Flagright,flagright.com
Flagstone,flagstone
Flai,flai
Flashpoint,flashpoint.io
Flawless,flawless
Fleek,fleek
Fleetline,fleetline
FleetPulse,fleetpulse
FleetWorks,fleetworks
Flent,flentasticjobs
Flink Robotics,flink
Flint,flint
Flipper,flipper
Flipturn,flipturn
Float,float
FloatMe,floatme
Flock,flock
Flock,Flock Safety
FLORA,flora
"FloSports, Inc.",flosports
Flow Engineering,flowengineering
Flowhub,flowhub
Flox,flox
Fluency,fluency
Fluidstack,fluidstack
FlutterFlow,flutterflow
Flux,flux
Fnatic,fnatic
Focal,focal
Focus,focus
Focused,focused
Foley,foley
Folio,folio
Fonoa,fonoa
Forerunner,forerunner
Foresight Data,foresight
Foresight Health,foresight-health
Foresite Labs (Stealth Co),foresite-labs-fl2024-006
Forge,forge
Forma,forma
Formal,formal
Formance,formance
Formenergy,formenergy
Formula,formula
Fort Health,Fort Health
Fortreum,fortreum
Fortuna Health,fortuna-health
Forus,forus
Forward Financing,Forward Financing
Found,found
Foundation,foundation
Foundational,foundational
Foundation Health,foundationhealthcareers
Founders Factory,founders-factory
Foundry for Good,foundry-for-good
Foundry Robotics Inc.,foundry-robotics
Fourier,fourier
Foursquare,foursquare
FourTwoThree,fourtwothree
Foxelli Group,foxelligroup
Foxglove,foxglove
Fractional AI,fractional-ai
Fram Energy,framenergy
Freckle,freckle
Freda,freda
Freed,freed
Freetrade,freetrade
FreeWill,freewill
Freshpaint,freshpaint
Fresno Summit Advisors,fresnosummit
FriendliAI,friendliai
Front Analytics,frontapp
Front,frontcareers
Frontier Audio,frontier
Fruitist,fruitist
FS Studio,fs-studio
ftmo,ftmo
Fuel Cycle,fuel-cycle
Fulcrum,fulcrum
Fulcrum,fulcrum-inc
Fullstory,fullstory
Fundamental,fundamental
Fundamental Research Labs,fundamentalresearchlabs
fundamentalXR,FundamentalXR
Funding Circle,fundingcircle
Fundwell,fundwell
FuriosaAI,furiosa-ai
Furo,furo
FURTHER,further
FurtherAI,furtherai
Fuse,fuse
Fuser,fuser
FutureFit AI,futurefitai
Future Works,futureworks
FWD People,fwd-people
Fyxer,fyxer
G2,g2
G2i Inc.,g2i
Gadget,gadget
Gaia Family Inc,gaiafamily
Gainsight,gainsight
GALVANY,galvany
GameChanger,gamechanger
Gamma,gamma
Garage,garage
Garage Door Doctor,garage-door-doctor
Gardens Interactive,gardens
GC AI,gc-ai
Gearset,gearset
Gecko Robotics,gecko-robotics
Gelato,gelato
Gen Digital Inc.,gen-digital
General Context,general-context
General Medicine,general-medicine
The General Intelligence Company of New York,generalintelligencecompany
General Translation,generaltranslation
Generate,generate
Generator Health,generatorhealth
Genesis,genesis-ai
Genesis Molecular AI,genesis-molecular-ai
Genies,genies
Genmo,genmo
Genomics,genomics
Genspark Inc,genspark
Geoforce,geoforce
Geordie AI,geordieai
GetGround,getground
Augustus,getivy
Ghost,ghost
Giga,gigaml
Gigaton,gigaton
Gimlet Labs,gimlet
GitBook,gitbook
Givebutter,givebutter
Glacier,glacier
Glacis,glacis-ai
Glade,glade
Gladia,gladia
Glia,glia
Glide,glide
Glimpse,glimp-se
Glimpse,glimpse
Glintt Global,glinttglobal
Global X ETFs,global-x-etfs
Glomopay,glomo
Glow,glow
Glow25,glow25
Go Nimbly,go-nimbly
Anagram,goanagram
GoHenry,gohenry
Going,going
Goldsky,goldsky
GoodData,gooddata
Goodie AI,goodie-ai
Goodlord,goodlord
Good Maven,goodmaven
GoodParty.org,goodparty
GoodShip,goodship
Goodstack,goodstack
Goody,goody
Gorgias,gorgias
Gorilla,gorilla
Teleport,goteleport
GotPhoto,gotphoto
GovDash,govdash
Venti Technologies,goventi
GovSignals,govsignals
GovWell,govwell
GovWorx,govworx
GPTZero,gptzero
GrabAGun,grabagun
Gradera Inc.,gradera
gradient,gradient
Gradient Labs,gradient-labs
Grand Intelligence,grand
Granica,granica
Granola,granola
Granted,granted
Granular Energy,granular-energy.com
Grapevine,grapevine
Graphite,graphite
Graphite,graphitehq
Gratia,gratia
Gravity,gravity
Gravity,gravityclimate
Gravity Sketch,gravitysketch
GrayMatter Robotics,graymatter-robotics
Great Question,greatquestion
Green Tree School & Services,green-tree-school-and-services
Greenlight,greenlight
GreenLight Workforce Solutions Inc,greenlight-workforce-solutions
GreenLite,greenlitecareers
Grepr,grepr
Greptile,greptile
GridCARE,gridcare
Gridium,gridium
GridUnity,gridunity
Grid,gridverify
Griffin,griffin
Grindr,Grindr LLC
Gritt Robotics Inc,gritt
Grotto AI,grotto
Ground News,groundnews
Grow Therapy,grow-therapy
GrowthX AI,GrowthX AI
Gruntwork,gruntwork
GRVT TECHNOLOGIES,grvt
GT Bio,gt-bio
GT,gt-hq
Guild.ai,guild
Gumloop,gumloop
H2 Analytics,h2analytics
H3X Technologies,h3x-technologies
Haast,Haast
HackerOne,hackerone
Hadrian Automation,hadrian-automation
Halliday,halliday
HaloBraid,halobraid
Halter,halter
Hamming AI,Hamming AI
Hamster,hamster
Handshake,handshake
Handspring,handspring
Hang,hang
Hanover Park,hanover-park
Happl,happl
happyhotel,happyhotel
Happyrobot Inc.,happyrobot.ai
HappyScribe,happyscribe.com
Harmattan AI,harmattan-ai
Harmonic,harmonic
"Harmonic Security, Inc",harmonic-security-inc
Harmony,harmony
Harper,harperinsure
Harrison.ai,Harrison.ai
Hartbeat,hartbeat
Harvey,harvey
Hatch,hatch
Hauler Hero Inc.,hauler-hero
Haus Analytics,haus
haven-headache,haven-headache
HavocAI,havocai
Hawk,hawk
Hawk-Eye Innovations (HEI),hawkeyeinnovations
Hayden AI,haydenai
Hayla,hayla
Haystack News,haystacknews
Hazel,hazel
H Company,hcompany
Headstart,Headstart
Headway,headway
"HealthAxis Group, LLC",healthaxis
HealthLeap,healthleap
Health Progress Hub,healthprogresshub
HealthSherpa,healthsherpa
Hebbia AI,hebbia-ai
Hedra,hedra
Heidi,heidihealth.com.au
Heirloom Carbon,heirloomcarbon
Helion,helion
Helius,helius
Heliux Inc.,heliux
Brightline,hellobrightline
Hera,hellohera
Hello Patient,hellopatient
Helm.ai,helm-ai
Help Scout,helpscout
Hercules,hercules
Heritage Holding,heritage-holding
Heron Power,heron-power
Heron Data,herondata
Hexa,hexa
HeyJobs,heyjobs
HIFI,hifi
Higgsfield,higgsfieldai
Higharc,higharc
Highbeam,highbeam
HighlightTA,highlightta
Hightouch,hightouch
Hiive,hiive
Hike Medical,hike-medical
Hilbert's AI,hilberts
Hims & Hers,hims-and-hers
Hinge Health,hinge-health
Hinoki Security,hinoki
HiPeople,hipeople-official
Hippocratic AI,Hippocratic AI
Hire Hangar,hirehangar
hirehire,hirehire
Hiring Pros,hiring-pros
hive.co,hive.co
Hive Health,hivehealth
HiveMQ GmbH,hivemq
Hiverge Ltd,hiverge
HiveSmart Consulting,hivesmart-consulting
Hiya,hiya
Hobbes,hobbes
HockeyStack,hockeystack
HOLYWATER TECH,holywater
Homebase,homebase
Homebot,homebot
Homebound,homebound
Homera Health,homera-health
HomeVision,homevision
Honey Homes,Honey Homes
HoneyBook,honeybook
Honeydew,honeydew
Hook,hook
Hook Music,hookmusic
Hooli,hooli
Hopae,hopae
Hopper,hopper
Horizon Institute for Public Service,horizon
Horizon3 AI,horizon3ai
Hostinger,hostinger
Hotplate,hotplate
Hotspex Media,hotspexmedia
Hoxhunt,hoxhunt
HRS,hrs
Hudson River Trading,hrt
HTTPie,httpie
Hubstaff,hubstaff
HUD,hud
Hudu,hudu
Humaans,humaans
HUMAN,human
Human Computer Lab,human-computer-lab
Human Archive,humanarchive
Protagonist,humanist
Humanly,humanly
Humanoid,humanoid
humans&,humans-and
"Humata Health, Inc",humatahealth
Hutora,hutora
HV Capital Manager,hv
Hyde,hyde
Hyperbolic Labs,hyperbolic
Hyperbound,hyperbound
Hypercore Inc.,hypercore
hyperexponential,hyperexponential
HyperHug,hyperhug
Hyperscale,hyperscale
Hyperscience,Hyperscience
Hypha,hypha
i3D.net,i3d
IA Collaborative,iacollaborative
"Iambic Therapeutics, Inc",iambic-therapeutics
Ibotta,ibotta
ICEYE,iceye
Icon,icon
Ideals,ideals
Ideogram,ideogram
Idler,idler
Ignite Reading,ignite-reading
Ignition,ignition
ILLUIN Technology,illuin
Illumio,illumio
Immersive,immersivelabs
imper.ai,imper
Imprint,imprint
Improbable,improbable
Impulse Labs,impulse
IMU Biosciences,imubiosciences
Inato,inato
inBeat Agency,inbeat-agency
Incandescent,incandescent
Incard,incard
incident.io,incident
Inclined,inclined
Indent,indent
Inductive Bio,inductive-bio
Industrious,industrious
Ineffable Intelligence,ineffable
Inertia,inertia
Inferact,inferact
Inference,inference
Infinite,infinite
Infinite Lambda,infinite lambda
Infinite Machine,infinite-machine
Field Technologies FZCO,infinitefield
Infinitus Systems,infinitus
Infinity,infinity-constellation
Infisical,infisical
Inflection.io,inflectionio
InfluxData,influxdata
Infracost,infracost
Inherent,inherent
Injective,injective
Injective Labs,injective-labs
Inkeep,inkeep
Innatera Nanosystems,innatera
Inngest,inngest
Inovalon,inovalon
Inscribe,InscribeAI
Inshur,inshur
insitro,insitro
Inspiration Commerce Group,inspiration-commerce-group
Inspiren,inspiren
Instil Software Ltd,instil
"Instructure, Inc.",instructure
Integral,integral
Intellistack,intellistack
Interaction,interaction
Interface,interface
Interplay,interplay
Intology,intology
Intrinsic,intrinsic
Variance,intrinsic-safety
Intro,intro
IntusCare,intus
Inversion,inversion-cap
Invert,invert
Investa,investa
Investors Heritage,investorsheritage
Inworld,inworld-ai
Iridium Consulting Ltd,iridiumc
Ironclad,ironcladhq
Irreducible,irreducible
irregular,irregular
Isometric,isometric
iVerify,iverify
Ivo Inc.,ivo-inc
iwoca,iwoca.co.uk
iyo,iyo
Jack & Jill,jack-jill-external-ats
Jameda,jameda
Jampack AI,jampack-ai
Jane,jane
January,january
Jasper,Jasper AI
Stweart Firm,jaxs
JBS Dev,jbs-dev
Jellyfish,jellyfish
Jellyfish,jellyfishcareers
Jerry.ai,Jerry.ai
Jigsaw Tech,jigsaw
Jimdo,jimdo.com
Jitter,jitter
Jobber,jobber
Dusty,jobs
Valence,jobs-valence
9amHealth,join9am
Better Health,joinbetter
sherpa°,joinsherpa
Joko,joko
Jolly,jolly
JOOR,joor
Jordan Digital Marketing,jordandigitalmarketing
Josys,josys
Joyful Health,joyfulhealth
Joyteractive,joyteractive
Jua,jua
Juicebox,juicebox
Julius AI,julius
Jump,jump
Jump,jump-app
Junction,junction
Junior AI,junior
Juniper Square,junipersquare
Juno,juno
JUPUS,jupus
Juro,juro
JustPlay GmbH,justplay-gmbh
k-ID,k-id
KAANNAN & Associates,kaannan
Kafene,kafene
Kairon Health,kairon-health
Kairos,kairos-project
Kaizen Labs,kaizenlabs
Kale,kale
Kalibri Labs,kalibri-labs
Kallikor,kallikor
Kalshi,kalshi
Kamiwaza AI,kamiwaza
Kastle,kastle
Katana,katana
Katapult Labs,katapult-labs
KAYAK,kayak
Keel,keel
Keep,keep
KeepTruckin,keeptruckin
Kepler,kepler
Kepler,kepler-ai
Keragon Inc,keragon
Kernel,kernel
Kestra Technologies,kestra
Kevin's Natural Foods,kevins-natural-foods
Keycard Labs,keycard-labs
Keyrock,keyrock
Kiddom,kiddom
Kilo Code,kilocode
Kin Insurance,kin
Kindred,kindred
Kinetic,kinetic
Kingdom,kingdom
Kins,kins
Kinship,kinship
Kinstead,kinsteadhealth
Kira,kira
Kirin,kirin
Kiss My Apps,kissmyapps
Kit,kit
Kittl,kittl
Kiwi Financial Inc,kiwi
Klarity,klarity-ai
Klim GmbH,klim
Klue,klue
Knock,knock
CPOHQ + Knoetic AI,knoetic
Knot,knot
Knowledge Road,knowledge-road
Known,known
knownwell,knownwell
Knowtex,knowtex
Knowunity GmbH,knowunity
Knox Systems,knox-systems
Koah,koahlabs
Kodex,kodex
Kodifly,kodifly
Kognitos,kognitos
Kognity,kognity
KOHO,koho
Kojo,Kojo
Kombo,kombo
Kong,kong
Kontakt.io,kontakt
Konvu,konvu
kos.ai,kos.ai
Kota,kota
Kovo,kovo
Kraken (Analytics Only),kraken
Kraken Kinetics,kraken-kinetics
Kraken,kraken.com
Krea,krea
Krew,krew
Kueski,kueski
Kunin Technologies,kunin
Kustomer,kustomer
Kyan Health,kyanhealth
KYP Holding B.V.,kyp
Kyra,kyra
LABHOUSE,labhouse
Ladder,ladder
Lago,lago
Lakera,lakera.ai
Lambda,lambda
Lanai,lanai
Lance,lance
LanceDB,lancedb
LangChain,langchain
Langdock,langdock
Langfuse,langfuse
LAP Coffee,lap
Lapel,lapel
Lark Health,lark
Lassie,lassie
LAT Aerospace Private,lat
LatamCent,latamcent
Latent,latent
Latent Labs,latentlabs
Latitude,latitude
LaunchDarkly,launchdarkly
LaunchWell Group,launchwellgroup
Laurel,laurel
Lavendo,lavendo
LawDepot,lawdepot
Lawhive,lawhive
Layer,layer
Layer,layerfi
Lazer,lazer
Lead,leadbank
LeadX Pro,LeadX-Pro
LeanData,leandata
Lean Technologies,leantech
Lean TECHniques,leantechniques
Leap,leap
Leapsome,leapsome
Bedford,learn-bedford
Learner,learner
Leavitt Group,leavitt
Ledge,ledge
Ledger,ledger
"Legend Labs, Inc.",legend-xyz
Legion Health,legionhealth
Legora AB,legora
Leland,leland
LemFi,lemfi
lemlist,lemlist
lemon.markets,lemon-markets
lemonade,lemonade
Lendable,lendable
LENS Inc.,lens
Leona Health,leona
"Leopard, Inc.",leopard
Leopards,leopards
LeoVegas Gaming Group,leovegas
Letta,letta
Level,level
Levelpath,levelpath
Leveraged Media,leveragedmedia
Lexroom,lexroom
LG Ad Solutions,lgads
Lido,Lido.fi
Life Space Digital,life-space-digital
Lifen,lifen
LifeStance Health,lifestance
Lifetime Quality,lifetime-quality-roofing-storm-restoration
Liftoff,liftoff
Light,light
Lightdash,lightdash
Lightfield,lightfield
Lightning Labs,lightning
LightSource,lightsource
Lightspark,lightspark
"Lightspeed Commerce, Inc.",lightspeedhq
LILT,lilt-corporate
LILT (Production),lilt-production
Limbic,limbic
Limble,limble
Limetax,limetax
Linda AI,linda
Lindus,lindus
Lindy,lindy
Linear,linear
Linkup,Linkup
Lio,lio
Liquid,liquid
Liquid AI,liquid-ai
Listen Labs,listenlabs
LiteLLM,litellm
Literati,literati
Lithosquare,lithosquare
Litmus,litmus
LIV Golf,liv-golf
LiveFlow,liveflow
Live it Up,liveitup
LiveKit,livekit
Liven,liven
livingHR,livinghr
LlamaIndex,llamaindex
LM Studio,lm-studio
Loadshare,loadshare
Loancrate,loancrate
Local Infusion,Local Infusion
Loft,loft
Logiqal,logiqal
Loki Robotics,loki
Long Lake,long-lake
Loom,loom
Loopio Inc.,loopio
Loot Labs,loot-labs
Lorikeet,lorikeet
Lottie,lottie
Lotus Health AI,lotushealth
Lovable,lovable
loveholidays,loveholidays
Lovelace AI,lovelace
"LPA, Inc.",lpadesignstudios
LTV,ltv
LucidLink,lucidlink
Lucis,lucis
Lucra Sports,lucra-sports
The Lumber Manufactory,lumbermanufactory
Lumbra,lumbra
Lumen,lumen
Lumen Energy,lumen.energy
Lumilens,lumilens
Luminai,luminai
Luminovo,Luminovo
Lumos,lumos
Lunar,lunar
Lunar Solar Group,lunar-solar-group
Luxor Technology Corporation,luxor
Lydian,lydian
Lynk,lynk
Lyra Health,lyrahealth
Lyric,lyric
M-KOPA,m-kopa
M13,m13
MACA,maca
Mach Industries,mach
Mach9,mach9
Macroscope,macroscope
Made Card,madecard
Madhive,madhive
Magentic,magentic
Magic,magic.dev
Magical,magical
Magic Eden,magiceden
Magic Patterns,magicpatterns
MagicSchool AI,magicschool
Magoosh,magoosh
MAI,mai
Maihem,maihem
Maincode,maincode
Mainstay Labs Inc.,mainstay
MaintainX,maintainx
Makai Labs,makai-labs
MakerMaker,makermaker.ai
MakiPeople,maki
Mandolin,mandolin
Mandrel,mandrel
Maneuver Marketing,maneuver-marketing
Manex AI GmbH,manex
Mangomint,mangomint
Manifest Law,manifest-law
Manus AI,manusai
Mapbox,mapbox
Maple,maple
Marble,marble
Marble Health,marblehealth
Marco,marcohire
Mariana Minerals,marianaminerals
Mariner,mariner-careers
Marketing Architects,markarch
Marloo,marloo
Marqeta,marqeta
marshmallow,marshmallow
Masabi,masabi
Mastodon,mastodon
Matchnode,matchnode
Material Group,material
Materialize,materialize
Material Security,materialsecurity
MathGPT,mathgpt
Matia,matia
Matic,maticrobots
Matter Intelligence,matter-intelligence
Matter Labs,matter-labs
"Matterworks, Inc.",matterworks
Maven,maven
Maven AGI,maven-agi
Mavericks,mavericks
Maxhome,maxhome
Maxima,maxima
Maxima Consulting,maxima-consulting
"Maximus Health, Inc.",maximustribe
MaxRewards,maxrewards
Maybern,maybern
Maze,mazedesign
Maze,mazehq
MDCalc,mdcalc
Meadow,meadow
MeBe,mebe
"Mechanize, Inc.",mechanize
General Intuition & Medal,medal
Medallion,medallion
Medely,medely
Mogul & Co.,media-mogul
"Mednet, Inc.",mednet
Medra,medraai
MedScout,medscout
Marvin Behavioral Health,meetmarvin
Megazone Cloud US,megazone
Meliora Academy,Meliora-Academy
Melius,melius
Melotech,melotech
Mem Protocol,mem
Mem,mem.ai
Mem0,mem0
Membrane,membrane
Memfault,memfault
Memora Health,memora
Menlo Security,menlosecurity
Ment,ment
Mento,mento
Meow,meow
Mercator,mercator
Mercor,mercor
Mercura,mercura
Mercury,mercury
Merge,merge
Merge Labs,Merge Labs
MeridianLink,meridianlink
Meshy LLC,meshy
"Messa, Inc.",messa
Metaforms,metaforms
Metal,metal
Metalenz,metalenz
Metaview,metaview
Meter,meter
Method Financial,method
Method Integration Inc.,method-crm
Method Security,method.security
Meticulous,meticulous
Metriport,metriport
"Mia Labs, Inc.",mia-labs
Miaplaza,miaplaza
Middesk,middesk
Midnite,midnite
Midstream Health,midstream
Migaku,migaku
MikMak,mikmak
Mimica,mimica
Mindbeam,mindbeam
Mindly,mindly
Mind Robotics,mindrobotics
Mindvalley,mindvalley
Mine,mine
Minerva,minerva-ai
Mintlify,mintlify
MioDottore,miodottore
Miovision,miovision
Mirage,mirage
Mirai Robotics,mirai-robotics
Mira Mace,miramace
Mirelo AI,mirelo
Machine Intelligence Research Institute,miri
Miso,miso
Miter,miter
Mithrl,mithrl
Moab,moab
Mobasi,mobasi
The Mobile-First Company,mobilefirst
Modal,modal
Modelyst,modelyst
ModernFi,modernfi
Modern Treasury,moderntreasury
Modus,modus
MoeGo,moego
molecule.xyz,molecule
Molecule Software,molecule-software
Molg,Molg
Mollie,mollie
Moment Technology,moment
Momentic,momentic
Mona,mona
Monaco,monaco
Monad Foundation,monad.foundation
Monarch,monarch-md
Monarch,monarchcrops
Monarch Money,monarchmoney
Mondoo,mondoo
MONEI,monei
Monk,monk
Monogram,monogram
Montauk Capital,montauk-capital
Monte Carlo,montecarlodata
Monterra,monterra
Montu UK,montu-uk
Monumental,monumental
Moon Active,moonactive
Moonlake,moonlake
Moonshot,moonshot
Moonshot AI,moonshot-ai
Moonvalley AI,moonvalley-ai
Morning Consult,morningconsult
Morpho,morpho
Morse Micro,morse-micro
Mosaic,mosaic
Mosey,mosey
Moss,moss
MotherDuck,motherduck
Motorway,motorway
MOXFIVE,moxfive
Moxie,moxie
MSquared,msquared
MUBI,mubi
Mudflap,mudflap
MUI,mui
Multiply,multiply
Multitude Insights,Multitude Insights
Multiverse,multiverse
MultiVM Labs,multivmlabs
Munich Electrification,munich-electrification
Mural,mural
Mutiny,mutiny
Muun,muun
Mux,mux
MyCase,mycase
MyEdSpace,myedspacecareers
Paradigm,myparadigm
Myriad AI,myriad-ai
Mysten Labs,mystenlabs
myTomorrows,mytomorrows
N1,n1
n8n,n8n
Nabi,nabihealth
Nabla,nabla
Nabr,nabr
Nabu Casa,nabucasa
Nace AI,nace.ai
Namespace,namespace
Nango,nango
Nanonets,nanonets
Nascent,nascent
Nash,nash
NationGraph,nationgraph
Natter,natter
Nautilus Biotechnology,Nautilus Biotechnology
Nava Benefits,nava-benefits
Navattic,navattic
Navi AI,navi
Ncontracts,ncontracts
NDEAVOUR CONSULTING,ndeavour
Neara,neara
Nectar,nectar-social
Need,need
Neko Health,neko-health
Nell,nell
Nelly Solutions,nelly
Nelo,nelo
Nen,nen
Nen Creative,nen-creative
Neo.Tax,neo-tax
Neo Financial,neofinancial
Neon,neon
Neon Health,neon-health
Neon Redwood,neonredwood
NeoTaste,neotaste
NerdWallet,nerdwallet
Nesso Labs,nessolabs
Nest Health,nest-health
Nest Veterinary,nestveterinary
NetBox Labs,netboxlabs
NetEase,netease
NETGEAR,netgear
Nethermind,nethermind
Netic,netic
Netpreme,netpreme
Netwealth,netwealth
Network Right,networkright
Neural Concept,neuralconcept
Neurons Lab,neurons-lab.com
Neurophos,neurophos
Neuroscale AI,neuroscale
Nevis Wealth,nevis
Nevoya,nevoya
New Culture,new-culture
New Story,new-story
New Story Schools (OH),new-story-schools-oh
New Story Schools (PA),new-story-schools-pa
Newform,newform
Newfront,newfront
NewOrbit Space,neworbit
nexos.ai,nexos-ai
Nextdata,nextdata
NextLink Labs,nextlinklabs
NextPatient,nextpatient
NextRoll,nextroll
Nexus Cognitive Technologies,nexus-cognitive
Nexus Marketing,nexus-marketing
Nexus,nexus.xyz
Nexxen,nexxen
Niantic Spatial,niantic-spatial
Nightfall AI,nightfall-ai
Nira Medical,niramedical
Nirvana Insurance,nirvana
Niva,niva
Nivoda,nivoda
NODA AI,noda-ai
Noetic Global Corp.,noetic
Noetica,noetica
Noïa Labs,noialabs
Noise Labs,noise-labs
Nomad Labs Inc,nomad
nomic,nomic
Nomic,nomic.ai
Nomic Foundation,nomic.foundation
Nomos,nomos
Nooks,nooks
nord-security,nord-security
Norm Ai,norm-ai
Normal Computing Corporation,NormalComputing
Norm Law,normlaw
Northflank,northflank.com
Northslope,northslope-technologies
northwoodspace,northwoodspace
Nory,nory
NORY,nory-co
Nosis Bio,nosisbio
Notabene,notabene
Notable,notable
Notch,notch
Notion,notion
Noto,noto
Nous,nous
Nova Intelligence,novaintelligence
Novel,novel
Novellia,novellia
Novig,novig
Novita AI,novita-ai
Novo,novo
NOX METALS,nox-metals
Noyo,Noyo
Nuclear Promise X,npx
ntegrity,ntegrity
Nubank,nubank
Nucleus Genomics,nucleus
Nudge,nudge
Numeral,numeral
Numeric,numeric
NumerixS Quant,numerixs-quant
"Numos AI, inc.",numosai
Nuna,nuna
"Nuon, Inc.",nuon
Nursa,nursa
Nusano,nusano
Nylas,nylas
Oak,oak
Oakland Feather River Camp,oakland-feather-river-camp
Oberst,oberst
OBRIO,OBRIO
Observable Space,observable-space
Obsidian Systems,obsidiansystems
Obviant,obviant
Obvious,obvious
Oceanus Marine Technologies,oceanus
Ocra,ocra
Oden Technologies,oden-technologies
Odin,odin
Odyssey,odyssey
Odyssey,odysseyml
OffDeal,offdeal
Office Hours,office-hours
Oh,oh
OKTOBER,oktoberagency
Old Well Labs,old-well-labs
Oligo Space,oligo
Olive,olive
OLIX,olix
Olly Olly,olly-olly
Omada.ai,omadaai
Oma Fertility,omafertility
Omaze,omaze
Omen,omen
Omi,omi
Omnea,omnea
Omni,omni
Omniscient,omniscient
Ona,ona
On Deck,ondeck
One Pass Solutions,one-pass-solutions
OnePay,oneapp
Onebrief,onebrief
OneCrew,onecrew
OneHealth Tech Corp,onehealth
Oneleet,oneleet
OneSchema,oneschema
OneStock,onestock
OnHires,onhires
On Me Gifting,onme
Onos Health,onoshealth
OnRamp,onramp
Ontic,ontic
Ontologize,ontologize
Onton,onton
Onyx,onyx
Onyx Bio,onyx-bio
Opal Security,opal
OpenAI,openai
OpenArt AI,openart
OpenCoreOS,opencoreos
OpenEvidence,openevidence
OpenGov,opengov
OpenHands,OpenHands
Open Home Foundation,openhomefoundation
OpenLoop Health,openloophealth
OpenLoop Health Partners,openlooppartners
Openly,openly
OpenObserve Inc.,openobserve-careers
OpenRouter,openrouter
OpenSea,opensea
OP Labs,oplabs
OpsLevel,OpsLevel
OpsMill,opsmill
Optimum,optimum
Optro,optro
Opus Medical,opus-medical
Opus Training Inc.,opus-training
OpusClip,opusclip
Orb,orb
Orbit Neuro Co.,orbit
Orbital,orbital
Orbital,orbitalindustries
Orca,orca
Orchard Robotics,orchard
Orchestra Bio,orchestra-bio
Orderful,orderful
Orion,orion
Orita,orita
Orum,orum
Oscilar,oscilar
Osmo,osmo
Oso,oso
Ostium Labs,ostium
Oumi,oumi
OurRitual,ourritual
OuterSignal,outersignal
Outpost,outpost
Outpost Technologies,outpostnow
Output Biosciences,output
Output Inc,outputinc
Outset,outset
Outsmart,outsmart
Outtake,outtake
Overflow,overflow
Overjet,Overjet
Overtone,overtone
Overview Corporation,overview
Overview Energy,overviewenergy
Owkin,owkin
Owner.com,owner
Own Up,ownup
Oxeon,oxeon
OXIO Corporation,oxio
OXMAN,oxman
Oxo,oxo
Oyster,oyster
P-1 AI,P-1 AI
P2P. org,p2p.org
PACE Loan Group,paceloangroup
PactFi,pactfi
Paddle,paddle
Padlet,padlet
"Pair Eyewear, Inc.",paireyewear
Palette Media,palette-media
Palladio AI,palladio
Pallon,pallon.com
Palmstreet,palmstreet
PALO IT,paloit
Pandektes,pandektes
Pano AI,pano-ai
Panoptyc,panoptyc
Panther Life Sciences,panther-life-sciences
PAR Technology,par technology
Parabola,parabola-io
Paradigm,paradigm
Paradigm Health,paradigm-health
Paradigm,paradigmai
Paradox,paradox
Parafin,parafin
Paraform,paraform
Paragon,paragon
Parallel Web Systems,parallel
Parallel Bio,parallel-bio
"Parallel Fluidics, Inc.",parallel-fluidics
Parashift,parashift
Pareto.AI,pareto-ai
Parity,parity
Pariveda,pariveda
Parkade,Parkade
Parker Group Inc,parker
Parspec,parspec
Partiful,partiful
Partly,partly.com
PartsBase Inc.,partsbase
Passage,passage
Passes,passes
Passport,passport
Passthrough,passthrough
Patch,patch.io
The Path,pathos
Pathwork,pathwork
"Patlytics, Inc.",patlytics
Patreon,patreon
Patrianna,patrianna
Pave (Lever),pave
Pave Bank,pavebank
Pawp,pawp
Paxos,paxos
Paxos Labs,paxoslabs
Payabli,payabli
Payflip,payflip
Payrails GmbH,payrails
Payscale,payscale
PayZen,payzen-inc
PCH Digital LLC,pch-digital
PeakMetrics,peakmetrics
Pear VC,pear-vc
Pearl,pearl
Pearl Health,pearlhealth
Pearly,pearlyplan
Pearpop,pearpop
Pebl,pebl
Peec AI,peec
Peek,peek
Pemberton,Pemberton
Pennylane SAS,pennylane
Pensive,pensive
People Culture Talent,people-culture-talent
People Data Labs,people-data-labs
PeopleLoop,peopleloop
Peppr,peppr
Percepta,percepta
Perchwell,perchwell
Percona,percona
Perfectly,perfectly
Pergolux,pergolux
Periodic Labs,periodic-labs
Perk,perk
PermitFlow,permitflow
Permutive,permutive
Perplexity,perplexity
"Perry Weather, Inc.",perryweather
Persona,persona
Pesto,pesto
Petra Labs,petra-labs
Phantom,phantom
Pharos,pharos
Pharsalus Capital,pharsalus
Phia,phia
PHIL,phil
Phlair,phlair
Phoebe,phoebe
Phoenix,phoenix
Phonely,phonely
Phonic,phonic
Photoroom,photoroom
Phylax Systems,phylax
"Phylo, Inc.",phylo
Physical Intelligence,physicalintelligence
Poolside Infrastructure Company,pic
Picogrid,picogrid
Pika,pika
Pilgrim,pilgrim
Pilot Fiber,pilot-fiber
pineapple,pineapple
Pinecone,pinecone
Pioneer,pioneer
Pirros,pirros
Pivot,pivot
Pivotal Health,pivotal-health
Pivot Robotics,pivotrobotics
Pixaera,pixaera
Pixelmatters,pixelmatters
Plaid,plaid
Plain,plain
"Plane Software, Inc.",plane
Planera,planera
Planet,planet
Planetary Scale Advisors,planetary-scale
Planhat,planhat
Plasma,plasma
Plasmidsaurus,plasmidsaurus
Platformed,platformed
Plaud,plaud
Playbook,playbook
Playground,playground
Playground Global,Playground Global
Playlab,playlab
Playpower Labs,playpowerlabs
Playson,playson
Pleo,pleo
Pliant,pliant
Plinth,plinth
"Plot Technologies, Inc.",plot
Plotly,plotly
Plumerai,plumerai
Plural,pluralfinance
Pluralis Research,pluralis-research
Pluto Health,pluto-health
Pocket Worlds,Pocket Worlds
Pocket Prep,pocketprep
pod network,pod-network
Podium,podium
Podium Automation,podium-automation
Poesis,poesis
Point,point
PointFive,pointfive
PointOne,pointone
Pointr,pointr
Polar,polar
Polar Analytics,polaranalytics
Polaris Growth,polarisgrowth
Polarsteps,polarsteps
Polène Paris,polene-paris
Polly,polly
Polygon Labs,polygon-labs
Polymarket,polymarket
Polymath,polymath
Poolside,poolside
Popl Co,popl
Poseidon Aerospace,poseidonaero
Posh,posh
Posh,posh-ai
Poshmark,poshmark
Positive Development,positive-development
Post.,post
Posthog,posthog
PowerLattice Technologies Inc,powerlattice
Powerline,powerline
pplwise,pplwise
Praecipio Consulting,praecipio
Pragmatike,pragmatike
"PrairieLearn, Inc.",prairielearn
Pravāh,pravah
praxipal,praxipal
"PreemptiveAI, Inc.",preemptive
Prefect,prefect
Preference Model,Preference-Model
Prelim,prelim
Prelude,prelude
Prelude,preludesecurity
Preply,preply
Preql AI,preql
Prevail Fund,prevail-fund
Primary,primary
Prime,prime
Prime Intellect,primeintellect
Primer,primer
Primer.io,primer.io
Prior Labs,prior-labs
Probably Genetic,probablygenetic
Probook,probook
"ProCure, LLC",procure
Procurement Sciences,procurementsciences
Procurify,procurify
Prodigy Education,prodigy-education
ProductNow,product-now
Product Hunt,producthunt
Profound,profound
Project Expedition,project-expedition
Project44,project44
Projects by IF,projectsbyif
Prokeep,prokeep
prometheus,prometheus
Promise,promise
Promise Studios,promise-studios
Prompt,prompt
Propel,propel
Propelus,propelus
Prophecy Gov,prophecygov
Prophet Security,prophet-security
ProRata.ai,prorata
Prose,prose
Prosper AI,prosper-ai
Protege,protege
Protegrity,protegrity
Protex AI,Protex AI
Careers,proto-town
Protocol Labs,protocol
Protocol Behavioral Health,protocol-cares
Provable,provable
Prox,prox
Proxima,proxima
Proxima Fusion,proxima-fusion
Proximal,proximal
Pryzm,pryzm
Physical Superintelligence,psi
Public Cloud Group,publiccloudgroup
Pulse,pulse
"Pulsora, Inc.",Pulsora Inc
Punchh,punchh
Pure,pure
PureStorage,purestorage
Pursuit,pursuit
Puzzle Consulting Services,puzzle-consulting-services
Puzzle.io,puzzle.io
Pylon,pylon
Pylon,pylon-labs
Pytho AI,pytho-ai
Pyyne,Pyyne
QA Wolf,qawolf
QED.ai,qed-ai
Quadrivia,quadrivia
Qualified,qualified
Qualified Health PBC,qualified-health-pbc
Qualitate,qualitate
Qualtrics,qualtrics
Qualytics,qualytics
QuantAQ,quant-aq
Quanta,quanta
Quantcast,quantcast
Quantexa,quantexa
Quantstamp,quantstamp
Quantum,quantum
QuantWare,quantware
Quarks,quarks-tech
Quartermaster,quartermaster
Quicknode,quicknode
Quilter,quilter
Quindar,quindar
Quintess AI,quintess-ai
Quora,quora
Quorum,quorum
QuoteWell,quotewell
Qwilr,qwilr
"Reimagine Robotics, Inc.",r2
Rad AI,radai
Radar,radar
Radiant,radiant
Radiant Industries,radiant-industries
Radical Numerics,radical-numerics
Raft,raft
Raiku,raiku
Railway,railway
Rain,rain
Rainfall Health,rainfallhealth
Rainforest,rainforest-pay
Ramp,ramp
Range,range
RapDev,rapdev
Raptive,raptive
Rare Candy,rarecandy
Rasa,rasa
Raspberry AI,raspberry
Ravenna,ravenna
Ravio,ravio
Raycast,raycast
Raylu AI,raylu-ai
Reach Security,reach
Reacher,reacher
"Read AI, Inc.",read-ai
ReadMe,readme
Ready,ready
Reaktor,reaktor
Real,real
Reality Defender,realitydefender
Realm,realmalliance
Rebar,rebar
Rebecca School,rebecca-school
Rebel Space Technologies,rebel-space-technologies
"Rebuy, Inc.",rebuy
Rec Technologies,rec
Recall,recall
Receptive,receptive
Recharge,recharge
Recraft,recraft
Recruiting School,recruitingschool
Recurrency,recurrency
Redgate,red-gate
Red Oak,red-oak
Red 6,red6
Reddit,reddit
Redesign Health,Redesign Health
Redis,redis
Red Metals,redmetals
Redpine,redpine
Reducto,reducto
Reedsy,reedsy
Reevo,reevo
Reflect Orbital,reflect-orbital
Reflection,reflectionai
Reflex Robotics,reflexrobotics
Reflow,reflow
Reframe Systems,reframesystems
Regard,regard
REGENT,regent
Rehire,rehire
Reindeer,reindeer-ai
"Reinforce Labs, Inc.",reinforce-labs-inc
Reka,reka
Reklame Health,reklamehealth
Reku,reku
relationrx,relationrx
Relay Technologies,relay
Relay,relayfi
Relay,relayprotocol
Relevance AI,relevanceai
Reliable Robotics Corporation,reliable-robotics
"Remarcable, Inc.",remarcable-inc
remberg,remberg
Remedy Scientific,Remedy Scientific
Remedy Robotics,remedyrobotics
Remilia Corporation,remilia
Render,render
Renuity,renuity
Reonic,reonic
Replicant,replicant
Replicated,replicated
Replimune,replimune
Replit,replit
Replo,replo
RepRally,reprally
Reprise,reprise
Rerun,rerun
Rescale,rescale
Resend,resend
Reserve,reserve
Reservoir,reservoir
Reservoir Media Management,reservoir-media
Reset,Reset
Resilience Care,Resilience Care
Resolve AI,Resolve AI
Reson8,reson8
Resorcer,resorcer.com
Response,response
ResQ,resq
Restate,restate
Restream,restream
Reteam,reteam
Retell AI,retell-ai
Rev,rev
Reve,reve
RevenueCat,revenuecat
Revic,revic
Revin,revin
Revinate,revinate
Revise Robotics,reviserobotics
Revive,revive
Revv,revv-hq
Rewind,rewind
Rewst,rewst
RF Labs,rf-labs
Rho,rho
Rhoda AI,rhoda-ai
Rhythms,rhythms
Ribbon AI,ribbon-ai
Ricursive Intelligence,Ricursive Intelligence
ALSO,ridealso
Riff,riff
Rightfoot,rightfoot
Rilla,rilla
Rillet,rillet
Rime Labs,rime
RiseGuide,riseguide
Risk Labs,risklabs
River,river
River Rock Academy,river-rock-academy
Rivermont Schools,rivermont-schools
Riveron,riveron
Rivian and Volkswagen Group Technologies,rivianvw.tech
RNRS Solutions,rnrs.solutions
Roadrunner,roadrunner
Roadsurfer,roadsurfer.com
RobCo,robco
Robin Ai,robin-ai
Robin Radar,robin-radar
Roboflow,roboflow
The Robot Learning Company,robot-learning-co
Rocket Science Group,rocketsciencegg
Roger Healthcare,rogerhealthcare
Rogo,rogo
Rohlik,rohlik
Rokt,rokt
Rollstack,rollstack
Roo Code,roo-code
roobet,roobet
RoomPriceGenie,roompricegenie
Root Access,root-access
Root Global,rootglobal
Roots AI,Roots-Automation
Rossum,rossum.ai
Rothy's,rothys
Rowan Digital Infrastructure,rowan
Rox Data Corp,rox-data-corp
RubiconMD,rubiconmd
Rubie,rubie
Ruby Labs,ruby-labs
Rula,rula
Runa,runa
Rundoo,rundoo
Rune Technologies,runetech
Runlayer,runlayer
Runna,runna
RunSybil,runsybil-jobs
Runway Financial,runway
Runway,runway-ml
Rutter,rutter
"Rwazi, Inc.",rwazi
Rythm Health,rythm
Ryvn,ryvn
Sable,sable
Safe Software,safe
SafeLease,safelease
Safety Cybersecurity,safety
Safi,safi
Sage Care Inc,sagecare
Sagetap,sagetap
Sahara,sahara
Sailor Health,sailorhealth
Sailpeak,sailpeak
SalesAPE.ai,salesape-ai
SalesJack,salesjack
SalesLoft,salesloft
SalesPatriot,salespatriot
Salient,salient
Salonkee,salonkee
Saltz Marketplace,saltz
Samsung Next,samsungnext
Sana,sana-roles
Sanctuary,sanctuary
Sandbar,sandbar
SandboxAQ,sandboxaq
Sanity,sanity
Sapien,sapien
Sardine,sardine
Saris AI,saris-ai
Saronic Technologies,saronic
Satispay,satispay
SatoshiLabs,satoshilabs
Saturn,saturn
Sauna,sauna.ai
Savvy Wealth,savvy
Trellis Technologies,savvyinsurance-trellis
SavvyMoney,savvymoney
Scale Army Careers,scale army careers
ScaleMath,scalemath
Scaler,scaler
Scan.com,scan-com
Scarlet,scarlet
Scholarly,scholarly
Schoolhouse,schoolhouse-world
Scientech Research LLC,scientech-research
Sciforium,sciforium
ScorePlay,scoreplay
Scout,scout
Screenverse,screenverse
"Scribd, Inc.",scribdinc
Scribe,scribe
Scrollmark,scrollmark
Scrunch,scrunch
Surgical Data Science Collective,sdsc
SE3 Labs,se3
Sea12 Technologies,sea12
Sealed,sealed
Seamflow,seamflow
Searchable,searchable
SearchStax,searchstax
Seccl,seccl
Secfix,secfix
Second Front Systems,second-front-systems
Second Nature,second-nature
Second Dinner,seconddinner
SecureBio,securebio
Sei Labs,sei-labs
Sei Development Foundation,seifoundation
Sekai,sekai
Sellfire,sellfire
Semgrep,semgrep
Semperis,semperis
Seneca,seneca
Sensat,sensat
Sensmore,sensmore
Sensor Tower,sensor-tower
Sensorfact,sensorfact
"Sent, Inc.",sent
Sentient,sentient
SentiLink,sentilink
Sentra,sentra
Sentry,sentry
Seon,seon
Seqera,seqera.io
Sequence,sequence
Sequoia,sequoia
Sereact,sereact
Serif.ai,serif
Serval,serval
Serve Robotics,serverobotics
Sesame,sesame
Sevaro,sevaro
Seven AI,sevenai
SewerAI Corporation,sewer-ai
The San Francisco Compute Company,sfcompute
SFG20,sfg20
Shade.inc,shade-inc
Shapes,shapes
Shapr3D,shapr3d
Share,share
Shasqi,Shasqi
Shepherd,shepherd
Shift,shift
ShiftKey,shiftkey
Shiftsmart,shiftsmart
Shook,shook
Short Story,shortstory
Sidekick,sidekick
Siena AI,siena
Sierra,sierra
Sierra Studio,sierra-studio
Sieve,sieve
Sift,sift
SiftScience,siftscience
"Sift Stack, Inc.",siftstack
Siftwell Analytics,siftwell-analytics
Signal AI,signal-ai
SignalFire,signalfire
"SignalWire, Inc",signalwire
SigNoz,signoz
Sigma Prime,sigp
Silktide,silktide
Silna Health,silnahealth.com
Silver.dev,silver
Sim,sim
Simile,simile
Simon Lever,simon-lever
Simon AI,simondata
Simple AI,simple-ai
SimpleClosure,simpleclosure
Simplify,simplify
SimSpace Corporation,simspace-corporation
Simular,simular
Singular,singular
Singulate,singulate
SIO Logistics,sio-logistics
Siro,siro
Sisu,sisu
Sitemate,sitemate
SiteMinder,siteminder
Skalar,skalar
SKELAR,skelar
Skilljar,skilljar
Skimmer,skimmer
Skip,skip
Skip Loans,skip-loans
skipup,skipup
Skydio,skydio
Skydropx - Frenet,skydropx
Jobs,skyflow
SkyLink,skylink
Skylo Technologies,skylo
Sky Mavis,skymavis
SkyNRG,skynrg
Skyscanner,skyscanner
SkyWatch,skywatch
Slant,slant
Slash Financial,slash-financial
Slate,slate
Sleeper,sleeper
Slingshot AI,slingshotai
Slope,slope
Smallest,smallest
smallpdf,smallpdf
Smalls,smalls
Smallstep,smallstep
Smarkets,smarkets
Smartleaf,smartleaf
Smith Engineering,smith-engineering
Snackpass,snackpass
Snapdocs,snapdocs
Snappy,snappy
Social News Desk,snd
Snowball,snowball
Snowflake,snowflake
Snyk,snyk
Socket,socket
Socotra,socotra
Socure,socure
Sofar Ocean,sofarocean
Softlight,softlight
Sola,sola
Sola Insurance,sola-insurance
Solace,solace
Solana Foundation,Solana Foundation
Solana Labs,solanalabs
Solcoa Industries,solcoa
Solidgate,solidgate
Solink,solink
Solstice,solstice
Solva Technology,solva
Solvd,solvd
SolveAI,solve.ai
Somethings,somethings
Somnia,somnia
Sona,sona
SonderMind,sondermind
Sonio,sonio
Sorare,sorare
Sorcerer,sorcerer
SoSafe,sosafe
Soter,soterinsure
Sound.xyz,sound.xyz
Source Multiplier,source-multiplier
Sourgum,sourgum
South Geeks,southgeeks
Spacecurve,spacecurve
Spacial AI,spacial
SPAICE,spaice-tech
SpAItial,spaitial
SPAN,span
Span,span.app
Spara,spara
Spare,spare
Sparrow,sparrow
Sparta,sparta-commodities
Speak,speak
Speakeasy,speakeasy
Spear AI,spear-ai
Spear Bio,spearbio
Speckle,speckle
Specter,specter
Spekit,spekit
Spellbrush,spellbrush
spendesk,spendesk
Spexi,spexi
"Sphere, Inc.",sphere
Spherical,spherical
Sphinx,Sphinx
Spiral,spiral
SplitMetrics,splitmetrics
Splitwise,splitwise
Spotlight Media,spotlight
SpotOn,spoton
Spreetail,spreetail
Sprig,sprig
Sprinter Health,sprinter-health
Sprout.ai,sprout-ai
Spruce,spruce
"Spruce Systems, Inc.",spruceid
Squad | Bowery,squad
Squads,squads
Squint,squint.ai
Standard Template Labs,st-labs
Stable,stable
StackAI,stack-ai
STACK Infrastructure APAC,stack-infrastructure-apac-pte-ltd
StackedSP,stackedsp
Stacker,stacker
StackFuel,stackfuel
StackOne,stackone
Stacks,stacks
Stainless,stainlessapi
Standard Bots,standardbots
Standard Fleet,standardfleet
Standard Subsea,standardsubsea
Stand Insurance,standinsurance
Starbridge,starbridge
Stargate Foundation,stargate-foundation
Starpath Robotics,starpath.space
Stash,stash
Statewide,statewide
Statista,statista
Statsig,statsig
Stay22,stay22
Stay AI,stayai
Staycation,Staycation
Steadily,steadily
Stealth HC,stealthhc
Stedi,stedi
Steel,steel
Stellar Development Foundation,stellar
Stellar Entertainment Software Ltd,stellarentertainment
Stellic,stellic
Stensul,stensul
Stepful,stepful
Stepwork,stepwork
Sticker Mule,stickermule
Stigg,stigg
STNDRD,stndrd
Stony Creek Homes,stony creek homes
Stork Labs,stork
Stotles,stotles.com
Stout,stout
Strada,stradahq
"Strala Group, Inc.",strala-ai
Strange Loop Labs,strange-loop-labs
Strategic Growth Partners,strategic-growth-partners
Stratum AI,stratum-ai
Strava,strava
Stream,stream
Twin Prime,stream-ai
Street Group,streetgroup
Strella,strella
Strider Technologies,strider-technologies
StrongDM,strongdm
Stronghold,stronghold
"Studson, Inc.",studson
Stuut,stuut-ai
Stytch,stytch
Sublime Security,sublime-security
Subsets,subsets
Subspace,subspace
Substack,substack
Substrate,substrate
Subzero Labs,subzero
Succinct,succinct
Sui Foundation,Sui Foundation
Suite Studios,Suite-Studios
Sully.ai,sully-ai
Summation,summation
Summer Health,summerhealth
Sunday Robotics,sunday
Sunflower Sober,sunflower-sober
SunnyData,SunnyData
Suno,suno
Sunrise Robotics Corporation,sunrise
Sunset,sunset
Supabase,supabase
supercell,supercell
Superconductor,superconductor
SuperDial,superdial
Superhuman,superhuman
Superpilot Labs,superpilot-labs
SuperPlane,superplane
Superpower,superpower
Surfshark,surfshark
SurveyMonkey,surveymonkey
Susteon Inc.,susteon
Suzy,suzy
Svix,svix
swan,swan
Swans,swans
Swap,swap
Swarm Aero,swarmaero
Swarmer,swarmer
Sweatpals,sweatpals
Sweed,sweedpos.com
Sweep,sweep
Switchboard,switchboard
Swoop Technologies,swoop
Sydecar,sydecar
Sygaldry Technologies,sygaldry-technologies
Sylvera,sylvera
Symbiotic,symbiotic
Symmetry AI,symmetry
Synctera,synctera
Syndica,syndica
Synergy Pet Group,synergy pet group
Synquery,synquery
Synthesia,synthesia
Synthetic,synthetic
Synthflow AI,synthflow
Syro,syro
Syrup,syrup
T1 Energy,t1energy
Taara,taaraconnect
Tabs,tabs
Tabz,tabz
Tactiq,tactiq
Tacto,tacto
Taekus,taekus
Tailor,tailor
Tailwind,tailwind
Tajir,tajir
Tako,tako
Taktile,taktile
Talentful,talentful
Talent Safari,talentsafari
Talkdesk,talkdesk
Talkiatry,talkiatry
Talos,talos-trading
Tamarind Bio,tamarindbio
Tamr,tamr
Forus,tandem
Tandem Health,tandem-health
Tango,tango
TapBlaze,tapblaze
Tapcart Inc.,tapcart
Tapcheck,tapcheck
Taptap Send,taptapsend
TARGAN,targan
Tarro,tarro
Tasman Analytics,tasman
Tava Health,tavahealth
Tavily,tavily
Tavrn.ai,tavrn
Tavus,tavus
Taxfix,taxfix.com
Taxforce,taxforce
The Deep View,tdv
Teal Health,teal-health
Teal HQ,tealhq
Teambridge,teambridge
TeamDynamix,teamdynamix
Eigen,teameigen
Teamworks,teamworks
Tebi,tebi
Technitask,technitask
Techtorch,techtorch
Teero,teero
Tekion,tekion
telli,telli
"Tellos, Inc.",tellos
TELUS Digital,telus-digital
tem,tem
Tembo Health,Tembo-health
Tempo,tempo
Tempo,tempo-io
Tempo,tempo-xyz
Temporal Technologies,temporal
TENEX.AI,tenex
Tenex,tenexlabs
Tenjin,tenjin
Tennr,tennr
Tenor,tenor
TensorWave,tensorwave
TensorZero,tensorzero
Terac,terac
Teraswitch,teraswitch
Terminal,terminal
Tern Travel,tern
TERRA,terra
Terra AI,terraai
TerraFirma Robotics,terrafirma
Terranova,terranova
Terrarium,terrarium
Tessera Labs,tessera-labs
Tessl,tesslcareers
TestGorilla,testgorilla
Teton.ai,teton
Tetrix,tetrix
Textio,textio
Texture,texture
Teya,teya
Teza Technologies,teza-technologies
The Generalist Company Ltd,tgc
Thaleron,thaleron
That 1 Detailer,that1detailer
thatgamecompany,thatgamecompany
The Agency Fund,The Agency Fund
The Browser Company,The Browser Company
The Job Sauce,The Job Sauce
The Zebra,The Zebra
The Exploration Company,the-exploration-company
The Flex,the-flex
The Global Talent Co.,the-global-talent-co
The Learning Spectrum,the-learning-spectrum
The Pinnacle School,the-pinnacle-school
The Spire School,the-spire-school
The Utopia Venture Platform,the-studio
The Virga Law Firm,the-virga-law-firm
The Agile Monkeys,theam
The Bot Company,thebotcompany
The Flex,theflex
The Mind Company,themindcompany
Theori,theori
Thera,thera
Thesis Inc.,thesis
The WFS Group,thewfsgroup
TheyDo,theydo
Thinkific,thinkific
Third Space,third-space-therapy
ThirstySprout,thirstysprout
Thndr,thndr
Thorit,thorit
Thought Machine,thought-machine
Thread AI,thread-ai
Thrill Labs,thrill-labs
Thumbtack,thumbtack
Tides Network,tides
Tiger,tiger
Tiger Data,tigerdata
Tight,tight
Tilde Research,tilderesearch
Tilla,tilla
Tillo,tillo
Tillster,tillster
Tilt,tilt
Tilt Finance,tilthq
Timely,timely
Tin Can,tin-can
"MODE, Inc.",tinkermode
Titan,titan
Titan AI,titan-ai
Titan,titan-msp
Tivita,tivita
TLDR,tldr.tech
tldraw,tldraw
todyl,todyl
Token Terminal,tokenterminal
Toku,toku
Tolan,tolan
Toma,toma
Tomo Mortgage,tomo
Tomo,tomo.ai
TOMS,toms
Tonal,tonal
Tonic AI,tonicai
tonies,tonies
Toogeza,toogeza
Tools for Humanity,Tools for Humanity
Tooploox,tooploox
Top Hat,top-hat
Topline Pro,topline-pro
TORTUS,tortus
Tourlane,tourlane
"Town.com, Inc.",town
Traba,traba
Tracebit,tracebit
Trace,tracelabs
Tracer Cloud Inc,tracer
Tractable,tractable
Traction Wellness Group,traction-wellness-group
Tradeify,tradeify
Trading212,trading212
TradingHub,tradinghub
Trainline,trainline
Trajectory,trajectory
Transform,transform
Transfr,transfr
TransGrid Energy,transgrid-energy
Traversal,traversal
Traverse,traverse
Tray.ai,tray-ai
Traysar,traysar
Tread,tread
Treefera,treefera
Tremendous,tremendous
Trenchant,trenchant
TrendMD,trendmd
Trener,Trener-Robotics
Trexo Robotics,Trexo Robotics
Tribe AI,tribe-ai
TriEdge Investments,triedge-investments
Trig,trig
Trigger.dev,triggerdev
Trilitech,trilitech
TripActions,tripactions
Triumph,triumph-arcade
TRM Labs,trm-labs
Trove,trove
Trovy,trovy
TruckSmarter,trucksmarter
True Link Financial,truelinkfinancial
Truelogic,truelogic
Truemed,truemed
Trulioo,trulioo
"Trunk Tools, Inc.",Trunk Tools
Trust Wallet,trust-wallet
Truth Systems,truthsystems
Truvo,truvo
Alma,tryalma
Tryp,tryp
Roam,tryroam
turbopuffer,turbopuffer
Turion Space,turion-space
Turnkey,turnkey
Turnstile,turnstile
Turquoise,turquoise-health
Twelve,twelve
TwelveLabs,twelve-labs
Twenty,twenty
TwentyFour Industries,twentyfour-industries
Twin Labs,twin-so
Two Dots,two-dots
TwoStep Therapeutics,twosteptx
Tyba,tyba
Tycho.AI,tycho-ai
Uberall,uberall
UDisc,udisc
UHP (Unlock Human Potential),uhp-unlockhumanpotential
UiPath,uipath
Ultra Pouches,ultra
Ultralytics,ultralytics
Umbrel,umbrel
Unblocked,unblocked
Uncountable Inc.,uncountable
Unicorn Pro,unicornpro
UniCourt Inc,unicourt
Unify,unify
Union.ai,union
Union Technologies,union-tech
Uniswap Labs,uniswap
Unit,unit
"Unit 410, LLC",unit410
United Talent Agency,united-talent-agency
Uniti AI,uniti
UnitX,unitxlabs
Unity Advisory,unity-advisory
Unlearn,unlearn
UnlikelyAI,unlikelyai
Unlimited,unlimitedindustries
Unmind,unmind
Unstructured Technologies Inc.,unstructured
Unto Labs,unto-labs
Unwrap,unwrap
Upchurch,upchurch
UpCodes,upcodes
Upflow,upflow
UpGuard Inc.,upguard
Uplane,uplane
Upside,upside
Upside,upside-tech
UptimeAI,uptimeai
Upvest,upvest
US Health Partners,US Health Partners
Kernel,usekernel
Usul,usul
V7,v7labs.com
Valence Discovery,valence
Valency Systems Inc.,valency
Valerie Health,valeriehealth
"Valinor Enterprises, Inc.",valinor
Valius Sciences,valiussciences
Valkai,valkai
Valon Tech,valon
Valon Mortgage,valonvm
Valthos,valthos
van den Boom & Associates,vandenboomassociates
Vanilla Technologies,vanilla
Vanta,vanta
Vantage,vantage
Vantage,vantageanalytics
Vapi,vapi
Vast,vast
Vaulted Deep,vaulted-deep
vCluster Labs,vcluster
vCluster Labs,vClusterLabs
VEA Connect,vea-connect
Vector,vector
Vega,vega
Veliu,veliu
Vellum,vellum
Velocity,velocity
Velotio,velotio
Vend Park,vend-park
Vendelux,vendelux
Venn,venn
Vercel,vercel
Verge Genomics,verge-genomics
Verisoul,verisoul
Verkada (Lever),verkada
Verse Medical,versemedical
Vertical Aerospace,vertical-aerospace
Vertical Semiconductor,verticalsemi
Vertice,vertice
Verto,verto
Vesta Innovations Inc.,vesta
Vetcove,vetcove
Vibe,vibe
VibeCode,vibecode
Vibiz,vibiz
Vic.ai,Vic.ai
Victorious,victorious
Videa,videa.ai
Videowise,videowise
Vidmob,VidMob
Viessmann Generations Group,viessmann
Viggle AI,viggle
Vigil Markets,vigil-markets
Viktor,viktor
Vinci4d,vinci4d
Vio,vio
VIOLET,violet
Vira Health,virahealth
Virta Health,virtahealth
Virtuous,virtuous
Vistar Media,vistar
Visualis LLC,visualis-llc
Vital Lyfe,vital-lyfe
Vitalize,vitalize
Vitally,vitally
VITL,vitl
VitVio,vitvio
Vivid,vivid
Vivun Inc.,vivun
Viz.ai,Viz.ai
Vizcom,vizcom
Vizzia,vizzia
VLogic,vlogic
Vogel,vogel
Voicemod,voicemod
voize,voize
Vola Dynamics,voladynamics
Voldex Games,voldex
The Voleon Group,voleon
Voltai,voltai.careers
Voltrac S.L.,voltrac
Voodoo,voodoo
Vooma,vooma
Vori,vori
Vorticity Inc.,vorticity
Vorto,vorto
Vow,vow
Voxel,voxel
Voya Energy,Voya Energy
Voyant Photonics,voyant-photonics
Voyfai,voyfai
VREY,vrey
Vultr,vultr
Vyn,vyn
Vynca,vynca
Vytalize Health,Vytalize Health
"Wabi, Inc.",wabi
Wafer,wafer
Wagmo,wagmo
Wallbit,wallbit
Walrus Foundation,walrus
Walrus,walrusfi
Warp,warp
WarpBuild,warpbuild
Watershed,watershed
Watney,watney
Watney Robotics,watneyrobotics
Wayflyer,wayflyer
Wealth.com,wealth-com
Wealthsimple Technologies,wealthsimple
Beyond Sports,wearebeyondsports
Weave,weave
"WeaveGrid, Inc.",weave-grid
Weaviate,weaviate
webAI,webai
Weekend,weekend
Welltech,welltech
Wellth,wellth
WellTheory,welltheory
Wemolo,wemolo
WeTravel,wetravel
what3words,what3words
Whatnot,whatnot
Wheel,wheel
Whetstone Research,whetstoneresearch
Whippy,whippy
Whisk,whisk
White Circle,whitecircle
Whoop,whoop
Willow Health,willow-health
WilsonAI,wilson
Wincent,wincent
WindBorne Systems,windborne-systems
Windmill,windmill
Windranger Labs,windranger
Winona,winona
WireScreen,wirescreen
Wisp,wisp
Wispr Flow,wispr-flow
Wissen,wissen
Wistia,wistia
Clutch,withclutch
withco,withco
daydream,withdaydream
Flex,withflex
Pulley,withpulley
Wisdom,withwisdom
Witness AI,witnessai
Wiz,wiz
WJB,wjb
Woflow,woflow
Wokelo AI,wokelo-ai
Wolfjaw Studios,wolfjaw-careers
Wonderly,wonderly
Woodhouse Academy,woodhouse-academy
Wordsmith AI,wordsmith
WORKERBASE,workerbase
WorkOS,workos
Weave,workweave
WorkWhile,workwhilejobs
Workyard,workyard
Worldly,worldly
Wormhole Labs,wormholelabs
Wraithwatch Corporation,wraithwatch
Wrapbook,wrapbook
WRITER,writer
"WunderGraph, Inc.",wundergraph
Wynd Labs,wynd-labs
XBOW,xbowcareers
XDOF,xdof
XDS,xds
Xenon Pharmaceuticals,xenon
Xephyr,xephyr
Xero,xero
xLabs,xlabs
XMTP Labs,XMTP Labs
XNRGY Climate Systems,xnrgy-climate-systems
Xona Space Systems,xona-space
Xyme,xyme
XYZ Reality,xyz-reality
Yazio,yazio
Y Combinator,ycombinator
yeet,yeet
Yendo,yendo
Yepoda,yepoda
Yobi,yobi
Yondr,yondr
Yotta Labs,yotta
You Health,you-health
Yovo,yovo
Yubo,yubo
Yuma AI,yumaai
Yutori,yutori
Zania,zania
Zapier,zapier
Zauber,zauber
ZayZoon,zayzoon
Zeal Network,zeal-network
Zed,zed
Zeely Inc.,zeely
Zefir,zefir
Zefr,zefr
Zeit AI (YC S24),zeit-ai
Zello,zello
Zencastr,zencastr
Zenjob,zenjob
Zeno,zeno
Zero RFI,zero
Zeromark,zeromark
ZeroRFI,zerorfi
Zettabyte,zettabyte-space
Ziina,ziina
Zilch,zilch
Zip,zip
Zip Security,Zip Security
"Ziplines, Inc.",ziplines
Zippy,zippymh
ZnanyLekarz,znanylekarz
ZODL,zodl
ZOE,zoe
Zowie,zowie
ZURU,zuru
Zyphra,zyphra
